{"stat.useItem.351":35,"stat.useItem.355":1,"stat.useItem.61":2,"achievement.buildHoe":2,"stat.craftItem.61":2,"stat.mineBlock.14":1,"stat.mineBlock.13":1,"stat.mineBlock.16":25,"stat.mineBlock.15":62,"stat.craftItem.297":7,"stat.mineBlock.17":5,"stat.swimOneCm":7790,"stat.jump":643,"stat.fallOneCm":14643,"stat.craftItem.291":1,"achievement.buildWorkBench":2,"stat.craftItem.1":6,"achievement.makeBread":14,"stat.craftItem.325":1,"achievement.exploreAllBiomes":{"value":0,"progress":["Roofed Forest","Plains","Taiga"]},"stat.useItem.295":54,"stat.craftItem.5":20,"stat.damageTaken":10315,"stat.mineBlock.4":5,"stat.mineBlock.5":1,"stat.mineBlock.3":16,"stat.mineBlock.1":81,"stat.mineBlock.61":1,"stat.useItem.54":1,"stat.flyOneCm":122661,"stat.craftItem.351":72,"achievement.buildPickaxe":5,"stat.entityKilledBy.Zombie":2,"stat.damageDealt":6260,"achievement.buildBetterPickaxe":4,"stat.useItem.58":2,"stat.useItem.274":51,"stat.mineBlock.49":4,"stat.craftItem.263":1,"stat.craftItem.264":4,"stat.walkOneCm":369795,"stat.craftItem.265":60,"stat.useItem.278":7,"stat.craftItem.266":3,"stat.playerKills":1,"stat.craftItem.257":1,"achievement.mineWood":6,"stat.mineBlock.54":1,"stat.useItem.291":30,"stat.killEntity.Skeleton":10,"stat.useItem.257":140,"achievement.openInventory":36,"stat.craftItem.280":12,"stat.mineBlock.162":1,"stat.killEntity.Spider":6,"stat.mobKills":23,"alch_chest":2,"achievement.buildFurnace":3,"stat.craftItem.274":1,"stat.mineBlock.38":1,"stat.craftItem.58":2,"stat.deaths":5,"achievement.acquireIron":23,"stat.useItem.267":70,"stat.drop":140,"stat.craftItem.278":1,"stat.playOneMinute":101378,"stat.useItem.4":25,"stat.useItem.5":1,"stat.craftItem.270":1,"stat.craftItem.54":1,"stat.useItem.3":11,"stat.killEntity.Zombie":7,"stat.useItem.270":13,"stat.useItem.13":1,"stat.mineBlock.31":57,"stat.diveOneCm":2118,"stat.useItem.15":1}