{"stat.useItem.274":152,"stat.useItem.351":6,"stat.useItem.273":38,"stat.useItem.65":1,"stat.craftItem.263":1,"stat.useItem.275":8,"stat.walkOneCm":264809,"stat.useItem.355":1,"stat.craftItem.265":10,"stat.useItem.61":2,"stat.craftItem.266":1,"stat.playerKills":1,"stat.craftItem.61":1,"stat.craftItem.65":3,"stat.mineBlock.175":19,"stat.mineBlock.16":9,"stat.mineBlock.15":11,"stat.mineBlock.18":10,"stat.mineBlock.17":10,"stat.jump":953,"stat.swimOneCm":3566,"stat.fallOneCm":21126,"stat.climbOneCm":508,"achievement.buildWorkBench":4,"stat.entityKilledBy.fiskheroes.Creetle":1,"achievement.buildSword":2,"achievement.mineWood":12,"achievement.exploreAllBiomes":{"value":0,"progress":["Roofed Forest","Plains","Taiga"]},"stat.mineBlock.12":1,"stat.killEntity.Skeleton":3,"stat.craftItem.320":8,"stat.craftItem.366":2,"stat.breakItem.274":1,"achievement.openInventory":43,"stat.craftItem.5":36,"stat.killEntity.Chicken":12,"stat.mineBlock.161":2,"stat.craftItem.280":20,"stat.mineBlock.4":8,"stat.damageTaken":1570,"stat.killEntity.Spider":1,"stat.mineBlock.3":44,"stat.mineBlock.1":113,"stat.mineBlock.61":1,"stat.mobKills":37,"achievement.killEnemy":9,"stat.craftItem.272":1,"stat.craftItem.273":1,"achievement.buildFurnace":1,"stat.useItem.54":1,"stat.flyOneCm":130062,"stat.craftItem.58":2,"stat.craftItem.274":1,"stat.mineBlock.38":1,"stat.craftItem.351":6,"stat.craftItem.275":1,"stat.mineBlock.37":1,"stat.deaths":2,"stat.useItem.12":1,"achievement.acquireIron":2,"stat.drop":65,"achievement.buildPickaxe":4,"stat.craftItem.355":1,"stat.playOneMinute":43334,"stat.killEntity.Sheep":8,"stat.useItem.4":48,"stat.craftItem.270":1,"stat.craftItem.54":1,"stat.useItem.3":36,"stat.damageDealt":5815,"achievement.buildBetterPickaxe":2,"stat.killEntity.Zombie":5,"stat.killEntity.Pig":8,"stat.useItem.270":14,"stat.mineBlock.31":156,"stat.useItem.58":2,"stat.diveOneCm":1360,"stat.useItem.272":201}