{
  "conversions": [
    {
      "output": "fiskheroes:titanium_plate",
      "inputs": [
        {
          "ingredient": "fiskheroes:ingot_titanium",
          "count": 1
        },
        {
          "ingredient": "fiskheroes:ingot_titanium",
          "count": 1
        },
        {
          "ingredient": "fiskheroes:ingot_titanium",
          "count": 0.5
        }
      ]
    },
    {
      "output": "fiskheroes:vibranium_plate",
      "inputs": [
        {
          "ingredient": "fiskheroes:ingot_vibranium",
          "count": 1.5
        }
      ]
    },
    {
      "output": "fiskheroes:multiverse_crystal",
      "inputs": [
        {
          "ingredient": "fiskheroes:arc_reactor",
          "count": 0.5
        },
        {
          "ingredient": "fiskheroes:ingot_vibranium",
          "count": 1
        }
      ]
    },
    {
      "output": "fiskheroes:arc_reactor",
      "inputs": [
        {
          "ingredient": "fiskheroes:titanium_plate",
          "count": 2
        },
        {
          "ingredient": "fiskheroes:vibranium_plate",
          "count": 2
        },
        {
          "ingredient": "fiskheroes:multiverse_crystal",
          "count": 1
        }
      ]
    },
    {
      "output": "fiskheroes:suitcase",
      "inputs": [
        {
          "ingredient": "fiskheroes:ingot_titanium",
          "count": 0.5
        }
      ]
    }
  ]
}
